url,lat,lon
https://api.exelishelios.com/v1/cameras/TL-405956/live	,	51.45606	,	-1.085971
https://api.exelishelios.com/v1/cameras/TL-405963/live	,	51.452432	,	-1.30959
https://api.exelishelios.com/v1/cameras/TL-405951/live	,	51.422854	,	-1.030125
https://api.exelishelios.com/v1/cameras/TL-405968/live	,	51.447309	,	-1.427875
https://api.exelishelios.com/v1/cameras/TL-405952/live	,	51.434181	,	-1.053757
https://api.exelishelios.com/v1/cameras/TL-405969/live	,	51.448154	,	-1.460834
https://api.exelishelios.com/v1/cameras/TL-405964/live	,	51.453052	,	-1.310686
https://api.exelishelios.com/v1/cameras/TL-405957/live	,	51.460101	,	-1.104682
https://api.exelishelios.com/v1/cameras/TL-405960/live	,	51.458308	,	-1.195687
https://api.exelishelios.com/v1/cameras/TL-405965/live	,	51.453018	,	-1.325537
https://api.exelishelios.com/v1/cameras/TL-405958/live	,	51.460947	,	-1.149023
https://api.exelishelios.com/v1/cameras/TL-405580/live	,	51.466611	,	-1.511694
https://api.exelishelios.com/v1/cameras/TL-405962/live	,	51.463355	,	-1.254536
https://api.exelishelios.com/v1/cameras/TL-405967/live	,	51.450363	,	-1.409879
https://api.exelishelios.com/v1/cameras/TL-405950/live	,	51.420691	,	-1.004866
https://api.exelishelios.com/v1/cameras/TL-405955/live	,	51.448409	,	-1.075281
https://api.exelishelios.com/v1/cameras/TL-405974/live	,	51.454443	,	-1.486842
https://api.exelishelios.com/v1/cameras/TL-405954/live	,	51.438386	,	-1.065219
https://api.exelishelios.com/v1/cameras/TL-405959/live	,	51.460706	,	-1.171871
https://api.exelishelios.com/v1/cameras/TL-405579/live	,	51.463446	,	-1.506118
https://api.exelishelios.com/v1/cameras/TL-405966/live	,	51.456497	,	-1.36349
https://api.exelishelios.com/v1/cameras/TL-405581/live	,	51.485134	,	-1.564717
https://api.exelishelios.com/v1/cameras/TL-405961/live	,	51.462899	,	-1.237584
https://api.exelishelios.com/v1/cameras/TL-405973/live	,	51.452033	,	-1.479715
https://api.exelishelios.com/v1/cameras/TL-405992/live	,	52.015514	,	-0.561558
https://api.exelishelios.com/v1/cameras/TL-405942/live	,	51.940828	,	-0.497944
https://api.exelishelios.com/v1/cameras/TL-405994/live	,	52.021182	,	-0.581001
https://api.exelishelios.com/v1/cameras/TL-405949/live	,	51.974004	,	-0.525942
https://api.exelishelios.com/v1/cameras/TL-405937/live	,	51.92315	,	-0.492299
https://api.exelishelios.com/v1/cameras/TL-405924/live	,	51.845856	,	-0.421859
https://api.exelishelios.com/v1/cameras/TL-405993/live	,	52.01951	,	-0.574422
https://api.exelishelios.com/v1/cameras/TL-405986/live	,	51.9792	,	-0.526165
https://api.exelishelios.com/v1/cameras/TL-405936/live	,	51.919499	,	-0.489398
https://api.exelishelios.com/v1/cameras/TL-405988/live	,	51.990594	,	-0.534926
https://api.exelishelios.com/v1/cameras/TL-405995/live	,	52.023945	,	-0.592148
https://api.exelishelios.com/v1/cameras/TL-405990/live	,	52.006719	,	-0.548096
https://api.exelishelios.com/v1/cameras/TL-405940/live	,	51.93912	,	-0.497966
https://api.exelishelios.com/v1/cameras/TL-405991/live	,	52.011648	,	-0.554384
https://api.exelishelios.com/v1/cameras/TL-405953/live	,	52.025101	,	-0.596733
https://api.exelishelios.com/v1/cameras/TL-405939/live	,	51.930618	,	-0.496886
https://api.exelishelios.com/v1/cameras/TL-405989/live	,	51.999955	,	-0.542823
https://api.exelishelios.com/v1/cameras/TL-406232/live	,	51.56319	,	-0.53699
https://api.exelishelios.com/v1/cameras/TL-406237/live	,	51.591382	,	-0.616122
https://api.exelishelios.com/v1/cameras/TL-406257/live	,	51.791113	,	-1.085331
https://api.exelishelios.com/v1/cameras/TL-406245/live	,	51.61235	,	-0.769633
https://api.exelishelios.com/v1/cameras/TL-406012/live	,	51.565101	,	-0.533954
https://api.exelishelios.com/v1/cameras/TL-406233/live	,	51.562283	,	-0.541033
https://api.exelishelios.com/v1/cameras/TL-406242/live	,	51.613983	,	-0.748617
https://api.exelishelios.com/v1/cameras/TL-406247/live	,	51.609861	,	-0.782621
https://api.exelishelios.com/v1/cameras/TL-406235/live	,	51.569085	,	-0.566416
https://api.exelishelios.com/v1/cameras/TL-406021/live	,	51.618847	,	-0.525949
https://api.exelishelios.com/v1/cameras/TL-405887/live	,	51.496329	,	-0.491523
https://api.exelishelios.com/v1/cameras/TL-406013/live	,	51.569495	,	-0.534999
https://api.exelishelios.com/v1/cameras/TL-406234/live	,	51.563754	,	-0.55301
https://api.exelishelios.com/v1/cameras/TL-406020/live	,	51.605377	,	-0.529086
https://api.exelishelios.com/v1/cameras/TL-406241/live	,	51.610515	,	-0.730188
https://api.exelishelios.com/v1/cameras/TL-406246/live	,	51.611195	,	-0.768233
https://api.exelishelios.com/v1/cameras/TL-405391/live	,	54.216507	,	-2.722359
https://api.exelishelios.com/v1/cameras/TL-405392/live	,	54.223732	,	-2.721039
https://api.exelishelios.com/v1/cameras/TL-405393/live	,	54.236688	,	-2.716882
https://api.exelishelios.com/v1/cameras/TL-405733/live	,	50.538134	,	-4.595019
https://api.exelishelios.com/v1/cameras/TL-405731/live	,	50.538138	,	-4.595093
https://api.exelishelios.com/v1/cameras/TL-405730/live	,	50.53783	,	-4.600115
https://api.exelishelios.com/v1/cameras/TL-405747/live	,	50.459629	,	-4.693192
https://api.exelishelios.com/v1/cameras/TL-405732/live	,	50.538569	,	-4.595384
https://api.exelishelios.com/v1/cameras/TL-405585/live	,	50.458341	,	-4.528077
https://api.exelishelios.com/v1/cameras/TL-406375/live	,	53.12634	,	-1.329713
https://api.exelishelios.com/v1/cameras/TL-406377/live	,	53.175343	,	-1.324785
https://api.exelishelios.com/v1/cameras/TL-406372/live	,	53.098499	,	-1.319489
https://api.exelishelios.com/v1/cameras/TL-406371/live	,	53.0896	,	-1.305237
https://api.exelishelios.com/v1/cameras/TL-406287/live	,	53.092311	,	-1.365075
https://api.exelishelios.com/v1/cameras/TL-406376/live	,	53.148998	,	-1.32901
https://api.exelishelios.com/v1/cameras/TL-405212/live	,	53.291887	,	-1.293668
https://api.exelishelios.com/v1/cameras/TL-406354/live	,	52.931902	,	-1.298754
https://api.exelishelios.com/v1/cameras/TL-406373/live	,	53.100944	,	-1.324606
https://api.exelishelios.com/v1/cameras/TL-406378/live	,	53.196838	,	-1.322578
https://api.exelishelios.com/v1/cameras/TL-406355/live	,	52.937996	,	-1.287842
https://api.exelishelios.com/v1/cameras/TL-406379/live	,	53.221207	,	-1.328935
https://api.exelishelios.com/v1/cameras/TL-406381/live	,	53.281624	,	-1.297719
https://api.exelishelios.com/v1/cameras/TL-405213/live	,	53.307612	,	-1.284616
https://api.exelishelios.com/v1/cameras/TL-406374/live	,	53.101552	,	-1.323317
https://api.exelishelios.com/v1/cameras/TL-405743/live	,	50.71644	,	-3.462304
https://api.exelishelios.com/v1/cameras/TL-405578/live	,	50.701156	,	-3.544275
https://api.exelishelios.com/v1/cameras/TL-405742/live	,	50.728331	,	-3.462139
https://api.exelishelios.com/v1/cameras/TL-405627/live	,	50.385018	,	-3.964317
https://api.exelishelios.com/v1/cameras/TL-405625/live	,	50.379431	,	-4.005211
https://api.exelishelios.com/v1/cameras/TL-405740/live	,	50.820649	,	-3.408583
https://api.exelishelios.com/v1/cameras/TL-405738/live	,	50.917904	,	-3.356427
https://api.exelishelios.com/v1/cameras/TL-405668/live	,	50.658368	,	-3.539844
https://api.exelishelios.com/v1/cameras/TL-405669/live	,	50.670038	,	-3.538522
https://api.exelishelios.com/v1/cameras/TL-405746/live	,	50.680243	,	-3.515683
https://api.exelishelios.com/v1/cameras/TL-405741/live	,	50.76359	,	-3.459079
https://api.exelishelios.com/v1/cameras/TL-405739/live	,	50.861179	,	-3.38336
https://api.exelishelios.com/v1/cameras/TL-406217/live	,	52.061166	,	0.186785
https://api.exelishelios.com/v1/cameras/TL-405839/live	,	52.399794	,	-0.26265
https://api.exelishelios.com/v1/cameras/TL-405804/live	,	52.220711	,	0.317312
https://api.exelishelios.com/v1/cameras/TL-406225/live	,	52.340979	,	-0.208716
https://api.exelishelios.com/v1/cameras/TL-405859/live	,	52.464196	,	-0.282487
https://api.exelishelios.com/v1/cameras/TL-405837/live	,	52.388608	,	-0.258583
https://api.exelishelios.com/v1/cameras/TL-405844/live	,	52.417463	,	-0.267847
https://api.exelishelios.com/v1/cameras/TL-405748/live	,	52.272677	,	0.450052
https://api.exelishelios.com/v1/cameras/TL-405864/live	,	52.482839	,	-0.286513
https://api.exelishelios.com/v1/cameras/TL-406228/live	,	52.257676	,	0.023286
https://api.exelishelios.com/v1/cameras/TL-405807/live	,	52.271537	,	0.44452
https://api.exelishelios.com/v1/cameras/TL-405341/live	,	53.26656	,	-2.400826
https://api.exelishelios.com/v1/cameras/TL-405404/live	,	53.352225	,	-2.505629
https://api.exelishelios.com/v1/cameras/TL-405346/live	,	53.316145	,	-2.428193
https://api.exelishelios.com/v1/cameras/TL-405333/live	,	53.070816	,	-2.334292
https://api.exelishelios.com/v1/cameras/TL-405338/live	,	53.20086	,	-2.388218
https://api.exelishelios.com/v1/cameras/TL-405403/live	,	53.360553	,	-2.47263
https://api.exelishelios.com/v1/cameras/TL-405345/live	,	53.310878	,	-2.417687
https://api.exelishelios.com/v1/cameras/TL-405401/live	,	53.360063	,	-2.376584
https://api.exelishelios.com/v1/cameras/TL-405343/live	,	53.300673	,	-2.401142
https://api.exelishelios.com/v1/cameras/TL-405336/live	,	53.157682	,	-2.350886
https://api.exelishelios.com/v1/cameras/TL-405350/live	,	53.343594	,	-2.493542
https://api.exelishelios.com/v1/cameras/TL-405348/live	,	53.325005	,	-2.452717
https://api.exelishelios.com/v1/cameras/TL-405342/live	,	53.275575	,	-2.397534
https://api.exelishelios.com/v1/cameras/TL-405400/live	,	53.358329	,	-2.368655
https://api.exelishelios.com/v1/cameras/TL-405347/live	,	53.321174	,	-2.437866
https://api.exelishelios.com/v1/cameras/TL-405316/live	,	53.345003	,	-2.405501
https://api.exelishelios.com/v1/cameras/TL-405335/live	,	53.13936	,	-2.336214
https://api.exelishelios.com/v1/cameras/TL-405349/live	,	53.331415	,	-2.473719
https://api.exelishelios.com/v1/cameras/TL-405399/live	,	53.357541	,	-2.359543
https://api.exelishelios.com/v1/cameras/TL-405351/live	,	53.352178	,	-2.503145
https://api.exelishelios.com/v1/cameras/TL-405344/live	,	53.31095	,	-2.415333
https://api.exelishelios.com/v1/cameras/TL-405402/live	,	53.363054	,	-2.391501
https://api.exelishelios.com/v1/cameras/TL-405337/live	,	53.174404	,	-2.361541
https://api.exelishelios.com/v1/cameras/TL-405339/live	,	53.239599	,	-2.401192
https://api.exelishelios.com/v1/cameras/TL-406205/live	,	51.866382	,	0.195049
https://api.exelishelios.com/v1/cameras/TL-406212/live	,	51.917114	,	0.219274
https://api.exelishelios.com/v1/cameras/TL-406142/live	,	51.674398	,	0.139949
https://api.exelishelios.com/v1/cameras/TL-406192/live	,	51.709574	,	0.146408
https://api.exelishelios.com/v1/cameras/TL-406135/live	,	51.689596	,	0.086436
https://api.exelishelios.com/v1/cameras/TL-406200/live	,	51.811501	,	0.179605
https://api.exelishelios.com/v1/cameras/TL-406199/live	,	51.80048	,	0.175983
https://api.exelishelios.com/v1/cameras/TL-406207/live	,	51.872861	,	0.199095
https://api.exelishelios.com/v1/cameras/TL-406214/live	,	51.967258	,	0.21469
https://api.exelishelios.com/v1/cameras/TL-406156/live	,	51.60669	,	0.265062
https://api.exelishelios.com/v1/cameras/TL-406202/live	,	51.837511	,	0.193034
https://api.exelishelios.com/v1/cameras/TL-405797/live	,	51.689761	,	0.09208
https://api.exelishelios.com/v1/cameras/TL-406150/live	,	51.633785	,	0.220102
https://api.exelishelios.com/v1/cameras/TL-406136/live	,	51.689736	,	0.091225
https://api.exelishelios.com/v1/cameras/TL-406198/live	,	51.787851	,	0.169977
https://api.exelishelios.com/v1/cameras/TL-406213/live	,	51.938684	,	0.220974
https://api.exelishelios.com/v1/cameras/TL-406143/live	,	51.668797	,	0.153317
https://api.exelishelios.com/v1/cameras/TL-406201/live	,	51.825493	,	0.186446
https://api.exelishelios.com/v1/cameras/TL-405796/live	,	51.689796	,	0.0902
https://api.exelishelios.com/v1/cameras/TL-406206/live	,	51.871458	,	0.201152
https://api.exelishelios.com/v1/cameras/TL-405801/live	,	51.689297	,	0.0948
https://api.exelishelios.com/v1/cameras/TL-406215/live	,	51.993568	,	0.195395
https://api.exelishelios.com/v1/cameras/TL-406210/live	,	51.901186	,	0.221942
https://api.exelishelios.com/v1/cameras/TL-406203/live	,	51.84566	,	0.186612
https://api.exelishelios.com/v1/cameras/TL-406140/live	,	51.679566	,	0.120551
https://api.exelishelios.com/v1/cameras/TL-406190/live	,	51.681827	,	0.128663
https://api.exelishelios.com/v1/cameras/TL-406208/live	,	51.876418	,	0.204094
https://api.exelishelios.com/v1/cameras/TL-405798/live	,	51.689602	,	0.0942
https://api.exelishelios.com/v1/cameras/TL-406189/live	,	51.677476	,	0.123452
https://api.exelishelios.com/v1/cameras/TL-406141/live	,	51.678343	,	0.129647
https://api.exelishelios.com/v1/cameras/TL-406153/live	,	51.616881	,	0.253386
https://api.exelishelios.com/v1/cameras/TL-406209/live	,	51.895376	,	0.215684
https://api.exelishelios.com/v1/cameras/TL-406211/live	,	51.910797	,	0.2212
https://api.exelishelios.com/v1/cameras/TL-406134/live	,	51.688574	,	0.081401
https://api.exelishelios.com/v1/cameras/TL-406204/live	,	51.858734	,	0.187717
https://api.exelishelios.com/v1/cameras/TL-406216/live	,	52.007128	,	0.196218
https://api.exelishelios.com/v1/cameras/TL-405656/live	,	51.609878	,	-2.640816
https://api.exelishelios.com/v1/cameras/TL-405682/live	,	51.915241	,	-2.149651
https://api.exelishelios.com/v1/cameras/TL-405687/live	,	51.798249	,	-2.289239
https://api.exelishelios.com/v1/cameras/TL-405663/live	,	51.612392	,	-2.647332
https://api.exelishelios.com/v1/cameras/TL-405574/live	,	51.723112	,	-1.948105
https://api.exelishelios.com/v1/cameras/TL-405689/live	,	51.659845	,	-2.422824
https://api.exelishelios.com/v1/cameras/TL-405571/live	,	51.842208	,	-2.097481
https://api.exelishelios.com/v1/cameras/TL-405569/live	,	51.857018	,	-2.167507
https://api.exelishelios.com/v1/cameras/TL-405658/live	,	51.612025	,	-2.646481
https://api.exelishelios.com/v1/cameras/TL-405657/live	,	51.61222	,	-2.646289
https://api.exelishelios.com/v1/cameras/TL-405688/live	,	51.759639	,	-2.323189
https://api.exelishelios.com/v1/cameras/TL-404476/live	,	52.035082	,	-2.163577
https://api.exelishelios.com/v1/cameras/TL-405570/live	,	51.840945	,	-2.103977
https://api.exelishelios.com/v1/cameras/TL-405683/live	,	51.893131	,	-2.151007
https://api.exelishelios.com/v1/cameras/TL-405681/live	,	51.932709	,	-2.136002
https://api.exelishelios.com/v1/cameras/TL-405686/live	,	51.806247	,	-2.254535
https://api.exelishelios.com/v1/cameras/TL-405573/live	,	51.818913	,	-2.075403
https://api.exelishelios.com/v1/cameras/TL-405678/live	,	51.996818	,	-2.123249
https://api.exelishelios.com/v1/cameras/TL-405661/live	,	51.610217	,	-2.641107
https://api.exelishelios.com/v1/cameras/TL-405685/live	,	51.859768	,	-2.170837
https://api.exelishelios.com/v1/cameras/TL-405680/live	,	51.962605	,	-2.128804
https://api.exelishelios.com/v1/cameras/TL-405572/live	,	51.82185	,	-2.080933
https://api.exelishelios.com/v1/cameras/TL-405637/live	,	51.506693	,	-2.485044
https://api.exelishelios.com/v1/cameras/TL-405632/live	,	51.507334	,	-2.310035
https://api.exelishelios.com/v1/cameras/TL-405649/live	,	51.596569	,	-2.60811
https://api.exelishelios.com/v1/cameras/TL-405691/live	,	51.620595	,	-2.462458
https://api.exelishelios.com/v1/cameras/TL-405665/live	,	51.574907	,	-2.702119
https://api.exelishelios.com/v1/cameras/TL-405653/live	,	51.607697	,	-2.6341
https://api.exelishelios.com/v1/cameras/TL-405634/live	,	51.501532	,	-2.342432
https://api.exelishelios.com/v1/cameras/TL-405633/live	,	51.503936	,	-2.322591
https://api.exelishelios.com/v1/cameras/TL-405664/live	,	51.574173	,	-2.700313
https://api.exelishelios.com/v1/cameras/TL-405652/live	,	51.606667	,	-2.63195
https://api.exelishelios.com/v1/cameras/TL-405690/live	,	51.632549	,	-2.456197
https://api.exelishelios.com/v1/cameras/TL-405662/live	,	51.571812	,	-2.690412
https://api.exelishelios.com/v1/cameras/TL-405648/live	,	51.57388	,	-2.585011
https://api.exelishelios.com/v1/cameras/TL-405655/live	,	51.608189	,	-2.635663
https://api.exelishelios.com/v1/cameras/TL-405650/live	,	51.569034	,	-2.639626
https://api.exelishelios.com/v1/cameras/TL-405631/live	,	51.511675	,	-2.290494
https://api.exelishelios.com/v1/cameras/TL-405636/live	,	51.499261	,	-2.369241
https://api.exelishelios.com/v1/cameras/TL-405559/live	,	51.570075	,	-2.679627
https://api.exelishelios.com/v1/cameras/TL-405659/live	,	51.607498	,	-2.633616
https://api.exelishelios.com/v1/cameras/TL-405558/live	,	51.575211	,	-2.703027
https://api.exelishelios.com/v1/cameras/TL-405635/live	,	51.502356	,	-2.349915
https://api.exelishelios.com/v1/cameras/TL-405647/live	,	51.570194	,	-2.578936
https://api.exelishelios.com/v1/cameras/TL-405654/live	,	51.607399	,	-2.6344
https://api.exelishelios.com/v1/cameras/TL-405642/live	,	51.540913	,	-2.542723
https://api.exelishelios.com/v1/cameras/TL-405692/live	,	51.608603	,	-2.467831
https://api.exelishelios.com/v1/cameras/TL-405560/live	,	51.569519	,	-2.668274
https://api.exelishelios.com/v1/cameras/TL-404810/live	,	51.034108	,	-1.325192
https://api.exelishelios.com/v1/cameras/TL-404803/live	,	51.084403	,	-1.28934
https://api.exelishelios.com/v1/cameras/TL-404966/live	,	50.874303	,	-1.014302
https://api.exelishelios.com/v1/cameras/TL-405077/live	,	50.880429	,	-1.280801
https://api.exelishelios.com/v1/cameras/TL-405072/live	,	50.935163	,	-1.331455
https://api.exelishelios.com/v1/cameras/TL-405060/live	,	50.953927	,	-1.459099
https://api.exelishelios.com/v1/cameras/TL-405076/live	,	50.887591	,	-1.291166
https://api.exelishelios.com/v1/cameras/TL-405088/live	,	50.887596	,	-1.2911
https://api.exelishelios.com/v1/cameras/TL-405083/live	,	50.855732	,	-1.13535
https://api.exelishelios.com/v1/cameras/TL-405071/live	,	50.934645	,	-1.330588
https://api.exelishelios.com/v1/cameras/TL-405064/live	,	50.95726	,	-1.414594
https://api.exelishelios.com/v1/cameras/TL-404965/live	,	50.862578	,	-1.016897
https://api.exelishelios.com/v1/cameras/TL-404814/live	,	50.995715	,	-1.357545
https://api.exelishelios.com/v1/cameras/TL-404802/live	,	51.096937	,	-1.275345
https://api.exelishelios.com/v1/cameras/TL-405081/live	,	50.867147	,	-1.183069
https://api.exelishelios.com/v1/cameras/TL-405062/live	,	50.959999	,	-1.4248
https://api.exelishelios.com/v1/cameras/TL-404817/live	,	50.961044	,	-1.39932
https://api.exelishelios.com/v1/cameras/TL-405074/live	,	50.908366	,	-1.318089
https://api.exelishelios.com/v1/cameras/TL-404812/live	,	51.022775	,	-1.333326
https://api.exelishelios.com/v1/cameras/TL-405079/live	,	50.867945	,	-1.230715
https://api.exelishelios.com/v1/cameras/TL-405067/live	,	50.949631	,	-1.370702
https://api.exelishelios.com/v1/cameras/TL-404816/live	,	50.960697	,	-1.3927
https://api.exelishelios.com/v1/cameras/TL-405059/live	,	50.9468	,	-1.472
https://api.exelishelios.com/v1/cameras/TL-405078/live	,	50.874173	,	-1.251259
https://api.exelishelios.com/v1/cameras/TL-405080/live	,	50.868128	,	-1.206365
https://api.exelishelios.com/v1/cameras/TL-404804/live	,	51.080225	,	-1.293296
https://api.exelishelios.com/v1/cameras/TL-405073/live	,	50.917995	,	-1.3166
https://api.exelishelios.com/v1/cameras/TL-404811/live	,	51.029749	,	-1.326929
https://api.exelishelios.com/v1/cameras/TL-405061/live	,	50.957695	,	-1.4484
https://api.exelishelios.com/v1/cameras/TL-405092/live	,	50.844799	,	-1.0163
https://api.exelishelios.com/v1/cameras/TL-404967/live	,	50.874303	,	-1.014302
https://api.exelishelios.com/v1/cameras/TL-404969/live	,	50.906934	,	-0.998917
https://api.exelishelios.com/v1/cameras/TL-404813/live	,	51.003537	,	-1.355473
https://api.exelishelios.com/v1/cameras/TL-404806/live	,	51.072779	,	-1.291818
https://api.exelishelios.com/v1/cameras/TL-405063/live	,	50.959681	,	-1.422078
https://api.exelishelios.com/v1/cameras/TL-404971/live	,	50.920818	,	-0.998006
https://api.exelishelios.com/v1/cameras/TL-405082/live	,	50.859927	,	-1.157936
https://api.exelishelios.com/v1/cameras/TL-405075/live	,	50.898446	,	-1.312545
https://api.exelishelios.com/v1/cameras/TL-405068/live	,	50.945814	,	-1.364187
https://api.exelishelios.com/v1/cameras/TL-404964/live	,	50.852414	,	-1.012772
https://api.exelishelios.com/v1/cameras/TL-405070/live	,	50.935492	,	-1.344503
https://api.exelishelios.com/v1/cameras/TL-404480/live	,	51.92986	,	-2.561576
https://api.exelishelios.com/v1/cameras/TL-406080/live	,	51.711589	,	-0.316483
https://api.exelishelios.com/v1/cameras/TL-406078/live	,	51.711815	,	-0.323467
https://api.exelishelios.com/v1/cameras/TL-406073/live	,	51.7108	,	-0.357867
https://api.exelishelios.com/v1/cameras/TL-405912/live	,	51.766287	,	-0.415013
https://api.exelishelios.com/v1/cameras/TL-406097/live	,	51.68647	,	-0.228433
https://api.exelishelios.com/v1/cameras/TL-406092/live	,	51.698138	,	-0.241222
https://api.exelishelios.com/v1/cameras/TL-406061/live	,	51.714867	,	-0.39195
https://api.exelishelios.com/v1/cameras/TL-406124/live	,	51.684483	,	-0.068517
https://api.exelishelios.com/v1/cameras/TL-406059/live	,	51.713883	,	-0.407979
https://api.exelishelios.com/v1/cameras/TL-406118/live	,	51.69171	,	-0.106484
https://api.exelishelios.com/v1/cameras/TL-406062/live	,	51.714882	,	-0.391783
https://api.exelishelios.com/v1/cameras/TL-406079/live	,	51.711829	,	-0.32341
https://api.exelishelios.com/v1/cameras/TL-406074/live	,	51.710751	,	-0.35765
https://api.exelishelios.com/v1/cameras/TL-406120/live	,	51.690066	,	-0.095476
https://api.exelishelios.com/v1/cameras/TL-406055/live	,	51.712966	,	-0.421712
https://api.exelishelios.com/v1/cameras/TL-405906/live	,	51.737432	,	-0.393461
https://api.exelishelios.com/v1/cameras/TL-406093/live	,	51.69313	,	-0.238583
https://api.exelishelios.com/v1/cameras/TL-405920/live	,	51.818547	,	-0.416541
https://api.exelishelios.com/v1/cameras/TL-406048/live	,	51.700476	,	-0.443893
https://api.exelishelios.com/v1/cameras/TL-406098/live	,	51.684845	,	-0.224667
https://api.exelishelios.com/v1/cameras/TL-405874/live	,	51.647643	,	-0.339231
https://api.exelishelios.com/v1/cameras/TL-406056/live	,	51.712965	,	-0.421764
https://api.exelishelios.com/v1/cameras/TL-406107/live	,	51.683983	,	-0.177867
https://api.exelishelios.com/v1/cameras/TL-405907/live	,	51.746352	,	-0.404185
https://api.exelishelios.com/v1/cameras/TL-405899/live	,	51.696796	,	-0.375519
https://api.exelishelios.com/v1/cameras/TL-406075/live	,	51.709278	,	-0.347583
https://api.exelishelios.com/v1/cameras/TL-406070/live	,	51.714817	,	-0.3723
https://api.exelishelios.com/v1/cameras/TL-406121/live	,	51.689728	,	-0.090317
https://api.exelishelios.com/v1/cameras/TL-406119/live	,	51.691217	,	-0.104474
https://api.exelishelios.com/v1/cameras/TL-406063/live	,	51.716081	,	-0.389036
https://api.exelishelios.com/v1/cameras/TL-405902/live	,	51.713073	,	-0.383985
https://api.exelishelios.com/v1/cameras/TL-405921/live	,	51.826226	,	-0.417989
https://api.exelishelios.com/v1/cameras/TL-406051/live	,	51.70695	,	-0.433969
https://api.exelishelios.com/v1/cameras/TL-406064/live	,	51.716085	,	-0.388902
https://api.exelishelios.com/v1/cameras/TL-406088/live	,	51.711895	,	-0.264633
https://api.exelishelios.com/v1/cameras/TL-406090/live	,	51.704113	,	-0.249217
https://api.exelishelios.com/v1/cameras/TL-406071/live	,	51.713538	,	-0.365612
https://api.exelishelios.com/v1/cameras/TL-406069/live	,	51.716281	,	-0.374806
https://api.exelishelios.com/v1/cameras/TL-406076/live	,	51.709267	,	-0.347333
https://api.exelishelios.com/v1/cameras/TL-405883/live	,	51.66855	,	-0.363473
https://api.exelishelios.com/v1/cameras/TL-406122/live	,	51.689728	,	-0.0851
https://api.exelishelios.com/v1/cameras/TL-13602/live	,	51.643289	,	-0.254536
https://api.exelishelios.com/v1/cameras/TL-406057/live	,	51.714277	,	-0.41415
https://api.exelishelios.com/v1/cameras/TL-406052/live	,	51.706966	,	-0.433867
https://api.exelishelios.com/v1/cameras/TL-406083/live	,	51.711395	,	-0.291533
https://api.exelishelios.com/v1/cameras/TL-405910/live	,	51.755908	,	-0.416347
https://api.exelishelios.com/v1/cameras/TL-406095/live	,	51.689141	,	-0.23425
https://api.exelishelios.com/v1/cameras/TL-406110/live	,	51.687885	,	-0.162143
https://api.exelishelios.com/v1/cameras/TL-406091/live	,	51.698166	,	-0.241233
https://api.exelishelios.com/v1/cameras/TL-406077/live	,	51.709334	,	-0.338197
https://api.exelishelios.com/v1/cameras/TL-406072/live	,	51.713482	,	-0.3653
https://api.exelishelios.com/v1/cameras/TL-406089/live	,	51.704281	,	-0.249533
https://api.exelishelios.com/v1/cameras/TL-406022/live	,	51.626032	,	-0.5223
https://api.exelishelios.com/v1/cameras/TL-406123/live	,	51.687324	,	-0.075576
https://api.exelishelios.com/v1/cameras/TL-405904/live	,	51.726553	,	-0.389952
https://api.exelishelios.com/v1/cameras/TL-405916/live	,	51.794583	,	-0.412543
https://api.exelishelios.com/v1/cameras/TL-405911/live	,	51.761058	,	-0.417302
https://api.exelishelios.com/v1/cameras/TL-406096/live	,	51.68912	,	-0.234232
https://api.exelishelios.com/v1/cameras/TL-405923/live	,	51.836918	,	-0.420317
https://api.exelishelios.com/v1/cameras/TL-405909/live	,	51.751027	,	-0.412266
https://api.exelishelios.com/v1/cameras/TL-406065/live	,	51.715706	,	-0.382453
https://api.exelishelios.com/v1/cameras/TL-406058/live	,	51.713877	,	-0.407959
https://api.exelishelios.com/v1/cameras/TL-406267/live	,	51.733609	,	-0.234462
https://api.exelishelios.com/v1/cameras/TL-405019/live	,	51.100208	,	1.015082
https://api.exelishelios.com/v1/cameras/TL-405026/live	,	51.091261	,	1.130186
https://api.exelishelios.com/v1/cameras/TL-405021/live	,	51.095525	,	1.047631
https://api.exelishelios.com/v1/cameras/TL-404876/live	,	51.27941	,	0.093734
https://api.exelishelios.com/v1/cameras/TL-404857/live	,	51.36848	,	0.165839
https://api.exelishelios.com/v1/cameras/TL-405040/live	,	51.425634	,	0.227894
https://api.exelishelios.com/v1/cameras/TL-405002/live	,	51.298306	,	0.512106
https://api.exelishelios.com/v1/cameras/TL-404991/live	,	51.309112	,	0.372753
https://api.exelishelios.com/v1/cameras/TL-405033/live	,	51.101601	,	1.1686
https://api.exelishelios.com/v1/cameras/TL-404871/live	,	51.286463	,	0.117691
https://api.exelishelios.com/v1/cameras/TL-404869/live	,	51.288159	,	0.132369
https://api.exelishelios.com/v1/cameras/TL-404845/live	,	51.424762	,	0.238303
https://api.exelishelios.com/v1/cameras/TL-405014/live	,	51.161298	,	0.866315
https://api.exelishelios.com/v1/cameras/TL-405007/live	,	51.288384	,	0.561664
https://api.exelishelios.com/v1/cameras/TL-404852/live	,	51.393632	,	0.197105
https://api.exelishelios.com/v1/cameras/TL-405045/live	,	51.431474	,	0.279667
https://api.exelishelios.com/v1/cameras/TL-404989/live	,	51.311391	,	0.312812
https://api.exelishelios.com/v1/cameras/TL-404996/live	,	51.302013	,	0.461088
https://api.exelishelios.com/v1/cameras/TL-404840/live	,	51.426839	,	0.23754
https://api.exelishelios.com/v1/cameras/TL-404838/live	,	51.42942	,	0.238605
https://api.exelishelios.com/v1/cameras/TL-404864/live	,	51.300726	,	0.148249
https://api.exelishelios.com/v1/cameras/TL-404849/live	,	51.412144	,	0.217873
https://api.exelishelios.com/v1/cameras/TL-404844/live	,	51.425366	,	0.236535
https://api.exelishelios.com/v1/cameras/TL-405020/live	,	51.099155	,	1.026912
https://api.exelishelios.com/v1/cameras/TL-404837/live	,	51.430917	,	0.239652
https://api.exelishelios.com/v1/cameras/TL-405049/live	,	51.399409	,	0.436858
https://api.exelishelios.com/v1/cameras/TL-405037/live	,	51.104163	,	1.170558
https://api.exelishelios.com/v1/cameras/TL-405032/live	,	51.100796	,	1.1683
https://api.exelishelios.com/v1/cameras/TL-404995/live	,	51.303071	,	0.451538
https://api.exelishelios.com/v1/cameras/TL-404990/live	,	51.306704	,	0.353522
https://api.exelishelios.com/v1/cameras/TL-405044/live	,	51.431538	,	0.279969
https://api.exelishelios.com/v1/cameras/TL-405018/live	,	51.136603	,	0.91147
https://api.exelishelios.com/v1/cameras/TL-405013/live	,	51.170606	,	0.85213
https://api.exelishelios.com/v1/cameras/TL-405006/live	,	51.288472	,	0.55028
https://api.exelishelios.com/v1/cameras/TL-405001/live	,	51.299302	,	0.515623
https://api.exelishelios.com/v1/cameras/TL-404875/live	,	51.281261	,	0.098304
https://api.exelishelios.com/v1/cameras/TL-405025/live	,	51.092565	,	1.114111
https://api.exelishelios.com/v1/cameras/TL-404856/live	,	51.379933	,	0.187439
https://api.exelishelios.com/v1/cameras/TL-404882/live	,	51.272697	,	0.053583
https://api.exelishelios.com/v1/cameras/TL-404870/live	,	51.28794	,	0.129059
https://api.exelishelios.com/v1/cameras/TL-404868/live	,	51.288747	,	0.134905
https://api.exelishelios.com/v1/cameras/TL-404851/live	,	51.398431	,	0.204226
https://api.exelishelios.com/v1/cameras/TL-404863/live	,	51.304657	,	0.156239
https://api.exelishelios.com/v1/cameras/TL-405022/live	,	51.094463	,	1.061184
https://api.exelishelios.com/v1/cameras/TL-405015/live	,	51.15254	,	0.887739
https://api.exelishelios.com/v1/cameras/TL-405053/live	,	51.336939	,	0.505153
https://api.exelishelios.com/v1/cameras/TL-405041/live	,	51.426976	,	0.24589
https://api.exelishelios.com/v1/cameras/TL-405046/live	,	51.400969	,	0.413178
https://api.exelishelios.com/v1/cameras/TL-404997/live	,	51.299403	,	0.475247
https://api.exelishelios.com/v1/cameras/TL-405010/live	,	51.268893	,	0.605593
https://api.exelishelios.com/v1/cameras/TL-405039/live	,	51.433861	,	0.184307
https://api.exelishelios.com/v1/cameras/TL-405008/live	,	51.28296	,	0.580996
https://api.exelishelios.com/v1/cameras/TL-405027/live	,	51.094663	,	1.138719
https://api.exelishelios.com/v1/cameras/TL-404865/live	,	51.294503	,	0.147982
https://api.exelishelios.com/v1/cameras/TL-404860/live	,	51.334791	,	0.156775
https://api.exelishelios.com/v1/cameras/TL-404858/live	,	51.359941	,	0.156148
https://api.exelishelios.com/v1/cameras/TL-404853/live	,	51.391831	,	0.19635
https://api.exelishelios.com/v1/cameras/TL-405034/live	,	51.101295	,	1.1688
https://api.exelishelios.com/v1/cameras/TL-404846/live	,	51.423384	,	0.235945
https://api.exelishelios.com/v1/cameras/TL-404841/live	,	51.425697	,	0.23832
https://api.exelishelios.com/v1/cameras/TL-404839/live	,	51.43099	,	0.239647
https://api.exelishelios.com/v1/cameras/TL-405003/live	,	51.299304	,	0.515616
https://api.exelishelios.com/v1/cameras/TL-404877/live	,	51.27726	,	0.084162
https://api.exelishelios.com/v1/cameras/TL-404992/live	,	51.309718	,	0.424264
https://api.exelishelios.com/v1/cameras/TL-404872/live	,	51.285977	,	0.113024
https://api.exelishelios.com/v1/cameras/TL-405047/live	,	51.400402	,	0.42258
https://api.exelishelios.com/v1/cameras/TL-405042/live	,	51.427299	,	0.2561
https://api.exelishelios.com/v1/cameras/TL-405016/live	,	51.148249	,	0.89705
https://api.exelishelios.com/v1/cameras/TL-405030/live	,	51.1007	,	1.1675
https://api.exelishelios.com/v1/cameras/TL-405054/live	,	51.337234	,	0.507539
https://api.exelishelios.com/v1/cameras/TL-404835/live	,	51.436264	,	0.238667
https://api.exelishelios.com/v1/cameras/TL-404859/live	,	51.347182	,	0.155873
https://api.exelishelios.com/v1/cameras/TL-404998/live	,	51.298035	,	0.480013
https://api.exelishelios.com/v1/cameras/TL-404873/live	,	51.284371	,	0.106402
https://api.exelishelios.com/v1/cameras/TL-405011/live	,	51.262992	,	0.6144
https://api.exelishelios.com/v1/cameras/TL-404993/live	,	51.306188	,	0.433491
https://api.exelishelios.com/v1/cameras/TL-404878/live	,	51.276718	,	0.080433
https://api.exelishelios.com/v1/cameras/TL-404866/live	,	51.291125	,	0.143341
https://api.exelishelios.com/v1/cameras/TL-404986/live	,	51.388159	,	0.193718
https://api.exelishelios.com/v1/cameras/TL-404847/live	,	51.42154	,	0.233951
https://api.exelishelios.com/v1/cameras/TL-404880/live	,	51.273018	,	0.06415
https://api.exelishelios.com/v1/cameras/TL-404854/live	,	51.390043	,	0.194463
https://api.exelishelios.com/v1/cameras/TL-405004/live	,	51.295838	,	0.528468
https://api.exelishelios.com/v1/cameras/TL-404861/live	,	51.328622	,	0.159597
https://api.exelishelios.com/v1/cameras/TL-405035/live	,	51.102001	,	1.169
https://api.exelishelios.com/v1/cameras/TL-405028/live	,	51.095747	,	1.1565
https://api.exelishelios.com/v1/cameras/TL-405023/live	,	51.09155	,	1.08366
https://api.exelishelios.com/v1/cameras/TL-405009/live	,	51.278966	,	0.58798
https://api.exelishelios.com/v1/cameras/TL-404842/live	,	51.423227	,	0.236245
https://api.exelishelios.com/v1/cameras/TL-405000/live	,	51.297311	,	0.499758
https://api.exelishelios.com/v1/cameras/TL-404879/live	,	51.275872	,	0.074109
https://api.exelishelios.com/v1/cameras/TL-405005/live	,	51.290231	,	0.541795
https://api.exelishelios.com/v1/cameras/TL-405031/live	,	51.101101	,	1.1681
https://api.exelishelios.com/v1/cameras/TL-405024/live	,	51.09383	,	1.102101
https://api.exelishelios.com/v1/cameras/TL-405048/live	,	51.401072	,	0.425643
https://api.exelishelios.com/v1/cameras/TL-404836/live	,	51.434496	,	0.238557
https://api.exelishelios.com/v1/cameras/TL-405036/live	,	51.1017	,	1.1692
https://api.exelishelios.com/v1/cameras/TL-404874/live	,	51.282903	,	0.102624
https://api.exelishelios.com/v1/cameras/TL-404987/live	,	51.386631	,	0.199867
https://api.exelishelios.com/v1/cameras/TL-405012/live	,	51.176059	,	0.84424
https://api.exelishelios.com/v1/cameras/TL-405327/live	,	53.809395	,	-2.699524
https://api.exelishelios.com/v1/cameras/TL-405377/live	,	53.715368	,	-2.661058
https://api.exelishelios.com/v1/cameras/TL-405389/live	,	53.825163	,	-2.71777
https://api.exelishelios.com/v1/cameras/TL-405384/live	,	53.789649	,	-2.660022
https://api.exelishelios.com/v1/cameras/TL-405315/live	,	53.733241	,	-2.647153
https://api.exelishelios.com/v1/cameras/TL-405374/live	,	53.692288	,	-2.677279
https://api.exelishelios.com/v1/cameras/TL-405312/live	,	53.67009	,	-2.625806
https://api.exelishelios.com/v1/cameras/TL-405381/live	,	53.754419	,	-2.63933
https://api.exelishelios.com/v1/cameras/TL-405379/live	,	53.735858	,	-2.648664
https://api.exelishelios.com/v1/cameras/TL-405386/live	,	53.79207	,	-2.665285
https://api.exelishelios.com/v1/cameras/TL-405382/live	,	53.766454	,	-2.635985
https://api.exelishelios.com/v1/cameras/TL-405313/live	,	53.717114	,	-2.629104
https://api.exelishelios.com/v1/cameras/TL-405325/live	,	53.800542	,	-2.717989
https://api.exelishelios.com/v1/cameras/TL-405387/live	,	53.812057	,	-2.704979
https://api.exelishelios.com/v1/cameras/TL-405375/live	,	53.694244	,	-2.677908
https://api.exelishelios.com/v1/cameras/TL-405323/live	,	53.798875	,	-2.729407
https://api.exelishelios.com/v1/cameras/TL-405373/live	,	53.629493	,	-2.690381
https://api.exelishelios.com/v1/cameras/TL-405378/live	,	53.718814	,	-2.656389
https://api.exelishelios.com/v1/cameras/TL-405380/live	,	53.742472	,	-2.651234
https://api.exelishelios.com/v1/cameras/TL-405385/live	,	53.798318	,	-2.685423
https://api.exelishelios.com/v1/cameras/TL-405311/live	,	53.597983	,	-2.572978
https://api.exelishelios.com/v1/cameras/TL-405388/live	,	53.815289	,	-2.710556
https://api.exelishelios.com/v1/cameras/TL-405376/live	,	53.711521	,	-2.67072
https://api.exelishelios.com/v1/cameras/TL-405383/live	,	53.777503	,	-2.646309
https://api.exelishelios.com/v1/cameras/TL-405314/live	,	53.72556	,	-2.633075
https://api.exelishelios.com/v1/cameras/TL-405326/live	,	53.804807	,	-2.706203
https://api.exelishelios.com/v1/cameras/TL-405390/live	,	53.878281	,	-2.744784
https://api.exelishelios.com/v1/cameras/TL-406328/live	,	52.490789	,	-1.192
https://api.exelishelios.com/v1/cameras/TL-406296/live	,	52.749273	,	-1.44676
https://api.exelishelios.com/v1/cameras/TL-406291/live	,	52.711622	,	-1.510678
https://api.exelishelios.com/v1/cameras/TL-406347/live	,	52.868386	,	-1.306197
https://api.exelishelios.com/v1/cameras/TL-406289/live	,	52.703951	,	-1.537288
https://api.exelishelios.com/v1/cameras/TL-406335/live	,	52.619462	,	-1.205638
https://api.exelishelios.com/v1/cameras/TL-406331/live	,	52.55838	,	-1.185309
https://api.exelishelios.com/v1/cameras/TL-406329/live	,	52.519747	,	-1.176968
https://api.exelishelios.com/v1/cameras/TL-406343/live	,	52.816081	,	-1.305755
https://api.exelishelios.com/v1/cameras/TL-406336/live	,	52.628517	,	-1.21286
https://api.exelishelios.com/v1/cameras/TL-406297/live	,	52.761682	,	-1.433563
https://api.exelishelios.com/v1/cameras/TL-406292/live	,	52.715723	,	-1.503837
https://api.exelishelios.com/v1/cameras/TL-406293/live	,	52.725775	,	-1.489117
https://api.exelishelios.com/v1/cameras/TL-406286/live	,	52.8582	,	-1.313238
https://api.exelishelios.com/v1/cameras/TL-406298/live	,	52.777476	,	-1.419538
https://api.exelishelios.com/v1/cameras/TL-406344/live	,	52.822598	,	-1.304328
https://api.exelishelios.com/v1/cameras/TL-404785/live	,	52.595038	,	-1.218119
https://api.exelishelios.com/v1/cameras/TL-406337/live	,	52.63354	,	-1.215438
https://api.exelishelios.com/v1/cameras/TL-406332/live	,	52.591141	,	-1.195443
https://api.exelishelios.com/v1/cameras/TL-406346/live	,	52.855613	,	-1.298891
https://api.exelishelios.com/v1/cameras/TL-404718/live	,	52.688291	,	-1.548202
https://api.exelishelios.com/v1/cameras/TL-406303/live	,	52.800796	,	-1.33575
https://api.exelishelios.com/v1/cameras/TL-406295/live	,	52.737896	,	-1.463016
https://api.exelishelios.com/v1/cameras/TL-406334/live	,	52.620484	,	-1.206999
https://api.exelishelios.com/v1/cameras/TL-406327/live	,	52.472971	,	-1.192121
https://api.exelishelios.com/v1/cameras/TL-406290/live	,	52.706809	,	-1.528186
https://api.exelishelios.com/v1/cameras/TL-406275/live	,	52.402343	,	-1.17068
https://api.exelishelios.com/v1/cameras/TL-406299/live	,	52.791179	,	-1.404613
https://api.exelishelios.com/v1/cameras/TL-406294/live	,	52.734759	,	-1.467833
https://api.exelishelios.com/v1/cameras/TL-406338/live	,	52.664576	,	-1.270578
https://api.exelishelios.com/v1/cameras/TL-404786/live	,	52.600635	,	-1.199766
https://api.exelishelios.com/v1/cameras/TL-406345/live	,	52.842628	,	-1.295044
https://api.exelishelios.com/v1/cameras/TL-406340/live	,	52.722622	,	-1.282744
https://api.exelishelios.com/v1/cameras/TL-406333/live	,	52.602769	,	-1.195177
https://api.exelishelios.com/v1/cameras/TL-406326/live	,	52.449432	,	-1.19096
https://api.exelishelios.com/v1/cameras/TL-406309/live	,	52.192896	,	-0.906857
https://api.exelishelios.com/v1/cameras/TL-406311/live	,	52.210059	,	-0.94742
https://api.exelishelios.com/v1/cameras/TL-406284/live	,	52.371775	,	-0.711472
https://api.exelishelios.com/v1/cameras/TL-406277/live	,	52.394679	,	-1.135224
https://api.exelishelios.com/v1/cameras/TL-406312/live	,	52.230243	,	-1.0168
https://api.exelishelios.com/v1/cameras/TL-406278/live	,	52.393112	,	-1.11454
https://api.exelishelios.com/v1/cameras/TL-406280/live	,	52.39431	,	-1.070536
https://api.exelishelios.com/v1/cameras/TL-406305/live	,	52.142735	,	-0.836896
https://api.exelishelios.com/v1/cameras/TL-406319/live	,	52.324346	,	-1.140002
https://api.exelishelios.com/v1/cameras/TL-406307/live	,	52.167853	,	-0.863314
https://api.exelishelios.com/v1/cameras/TL-406321/live	,	52.350532	,	-1.154179
https://api.exelishelios.com/v1/cameras/TL-406314/live	,	52.245372	,	-1.059669
https://api.exelishelios.com/v1/cameras/TL-406383/live	,	52.336993	,	-1.204423
https://api.exelishelios.com/v1/cameras/TL-406322/live	,	52.367668	,	-1.159849
https://api.exelishelios.com/v1/cameras/TL-406308/live	,	52.185407	,	-0.893915
https://api.exelishelios.com/v1/cameras/TL-406310/live	,	52.207397	,	-0.934868
https://api.exelishelios.com/v1/cameras/TL-406283/live	,	52.41003	,	-0.756731
https://api.exelishelios.com/v1/cameras/TL-406315/live	,	52.275075	,	-1.093088
https://api.exelishelios.com/v1/cameras/TL-406318/live	,	52.312154	,	-1.127
https://api.exelishelios.com/v1/cameras/TL-406382/live	,	52.326996	,	-1.145996
https://api.exelishelios.com/v1/cameras/TL-406320/live	,	52.330182	,	-1.145097
https://api.exelishelios.com/v1/cameras/TL-406313/live	,	52.230954	,	-1.018216
https://api.exelishelios.com/v1/cameras/TL-406306/live	,	52.155821	,	-0.849147
https://api.exelishelios.com/v1/cameras/TL-406279/live	,	52.392262	,	-1.09251
https://api.exelishelios.com/v1/cameras/TL-406281/live	,	52.394908	,	-1.044255
https://api.exelishelios.com/v1/cameras/TL-405137/live	,	53.944045	,	-1.374302
https://api.exelishelios.com/v1/cameras/TL-405120/live	,	53.755492	,	-1.277229
https://api.exelishelios.com/v1/cameras/TL-405142/live	,	54.048867	,	-1.388603
https://api.exelishelios.com/v1/cameras/TL-405154/live	,	54.18125	,	-1.456516
https://api.exelishelios.com/v1/cameras/TL-405143/live	,	54.076959	,	-1.394758
https://api.exelishelios.com/v1/cameras/TL-405148/live	,	54.151278	,	-1.437013
https://api.exelishelios.com/v1/cameras/TL-405097/live	,	54.149372	,	-1.435857
https://api.exelishelios.com/v1/cameras/TL-405141/live	,	54.014872	,	-1.380095
https://api.exelishelios.com/v1/cameras/TL-405095/live	,	54.147609	,	-1.435857
https://api.exelishelios.com/v1/cameras/TL-405158/live	,	54.3125	,	-1.5707
https://api.exelishelios.com/v1/cameras/TL-405146/live	,	54.134125	,	-1.422276
https://api.exelishelios.com/v1/cameras/TL-405153/live	,	54.178085	,	-1.455863
https://api.exelishelios.com/v1/cameras/TL-405145/live	,	54.11548	,	-1.413426
https://api.exelishelios.com/v1/cameras/TL-405140/live	,	54.005501	,	-1.3749
https://api.exelishelios.com/v1/cameras/TL-405164/live	,	53.692517	,	-1.239475
https://api.exelishelios.com/v1/cameras/TL-405157/live	,	54.306194	,	-1.5713
https://api.exelishelios.com/v1/cameras/TL-405126/live	,	53.855374	,	-1.346948
https://api.exelishelios.com/v1/cameras/TL-405121/live	,	53.765116	,	-1.284262
https://api.exelishelios.com/v1/cameras/TL-406368/live	,	53.062798	,	-1.26889
https://api.exelishelios.com/v1/cameras/TL-406367/live	,	53.053811	,	-1.257982
https://api.exelishelios.com/v1/cameras/TL-406369/live	,	53.067696	,	-1.273804
https://api.exelishelios.com/v1/cameras/TL-406364/live	,	53.013504	,	-1.242751
https://api.exelishelios.com/v1/cameras/TL-406365/live	,	53.02821	,	-1.246652
https://api.exelishelios.com/v1/cameras/TL-406360/live	,	52.980192	,	-1.249364
https://api.exelishelios.com/v1/cameras/TL-406366/live	,	53.042604	,	-1.255621
https://api.exelishelios.com/v1/cameras/TL-406359/live	,	52.967601	,	-1.258282
https://api.exelishelios.com/v1/cameras/TL-406252/live	,	51.672811	,	-0.96061
https://api.exelishelios.com/v1/cameras/TL-405970/live	,	51.902488	,	-1.205737
https://api.exelishelios.com/v1/cameras/TL-406255/live	,	51.733904	,	-1.084989
https://api.exelishelios.com/v1/cameras/TL-406250/live	,	51.661559	,	-0.937583
https://api.exelishelios.com/v1/cameras/TL-406262/live	,	51.949144	,	-1.20611
https://api.exelishelios.com/v1/cameras/TL-406263/live	,	51.956186	,	-1.212103
https://api.exelishelios.com/v1/cameras/TL-406256/live	,	51.740087	,	-1.096113
https://api.exelishelios.com/v1/cameras/TL-406251/live	,	51.671222	,	-0.960307
https://api.exelishelios.com/v1/cameras/TL-406253/live	,	51.724269	,	-1.057407
https://api.exelishelios.com/v1/cameras/TL-406265/live	,	52.072955	,	-1.313125
https://api.exelishelios.com/v1/cameras/TL-405971/live	,	51.915116	,	-1.203638
https://api.exelishelios.com/v1/cameras/TL-406258/live	,	51.867026	,	-1.196182
https://api.exelishelios.com/v1/cameras/TL-406260/live	,	51.939072	,	-1.201822
https://api.exelishelios.com/v1/cameras/TL-406254/live	,	51.733483	,	-1.078511
https://api.exelishelios.com/v1/cameras/TL-406261/live	,	51.948295	,	-1.204623
https://api.exelishelios.com/v1/cameras/TL-406259/live	,	51.869112	,	-1.199493
https://api.exelishelios.com/v1/cameras/TL-406266/live	,	52.080373	,	-1.320508
https://api.exelishelios.com/v1/cameras/TL-405972/live	,	51.92693	,	-1.20181
https://api.exelishelios.com/v1/cameras/TL-404487/live	,	52.669347	,	-2.332237
https://api.exelishelios.com/v1/cameras/TL-404488/live	,	52.67929	,	-2.408053
https://api.exelishelios.com/v1/cameras/TL-404485/live	,	52.65861	,	-2.298168
https://api.exelishelios.com/v1/cameras/TL-404486/live	,	52.664388	,	-2.323689
https://api.exelishelios.com/v1/cameras/TL-405726/live	,	51.21842	,	-2.960121
https://api.exelishelios.com/v1/cameras/TL-405728/live	,	51.101717	,	-2.993806
https://api.exelishelios.com/v1/cameras/TL-405564/live	,	50.967175	,	-2.741869
https://api.exelishelios.com/v1/cameras/TL-405734/live	,	51.002372	,	-3.076506
https://api.exelishelios.com/v1/cameras/TL-405727/live	,	51.167152	,	-2.981396
https://api.exelishelios.com/v1/cameras/TL-405724/live	,	51.262701	,	-2.92219
https://api.exelishelios.com/v1/cameras/TL-405565/live	,	51.021848	,	-2.668806
https://api.exelishelios.com/v1/cameras/TL-405736/live	,	50.973147	,	-3.191649
https://api.exelishelios.com/v1/cameras/TL-405566/live	,	51.023037	,	-2.661995
https://api.exelishelios.com/v1/cameras/TL-405725/live	,	51.23743	,	-2.944769
https://api.exelishelios.com/v1/cameras/TL-405714/live	,	51.475763	,	-2.728572
https://api.exelishelios.com/v1/cameras/TL-405716/live	,	51.457285	,	-2.766597
https://api.exelishelios.com/v1/cameras/TL-405715/live	,	51.463591	,	-2.748913
https://api.exelishelios.com/v1/cameras/TL-405722/live	,	51.329384	,	-2.892534
https://api.exelishelios.com/v1/cameras/TL-405717/live	,	51.445343	,	-2.814918
https://api.exelishelios.com/v1/cameras/TL-405712/live	,	51.483359	,	-2.699193
https://api.exelishelios.com/v1/cameras/TL-405713/live	,	51.477064	,	-2.711719
https://api.exelishelios.com/v1/cameras/TL-405718/live	,	51.438039	,	-2.831415
https://api.exelishelios.com/v1/cameras/TL-405720/live	,	51.367932	,	-2.890185
https://api.exelishelios.com/v1/cameras/TL-405819/live	,	52.091284	,	1.116624
https://api.exelishelios.com/v1/cameras/TL-405814/live	,	52.244297	,	0.726065
https://api.exelishelios.com/v1/cameras/TL-405826/live	,	52.024136	,	1.142356
https://api.exelishelios.com/v1/cameras/TL-405833/live	,	51.993717	,	1.3153
https://api.exelishelios.com/v1/cameras/TL-405808/live	,	52.260836	,	0.630099
https://api.exelishelios.com/v1/cameras/TL-405815/live	,	52.237754	,	0.739908
https://api.exelishelios.com/v1/cameras/TL-405810/live	,	52.256594	,	0.676343
https://api.exelishelios.com/v1/cameras/TL-405822/live	,	52.056644	,	1.103698
https://api.exelishelios.com/v1/cameras/TL-405827/live	,	52.026707	,	1.154829
https://api.exelishelios.com/v1/cameras/TL-405831/live	,	52.026683	,	1.253496
https://api.exelishelios.com/v1/cameras/TL-405824/live	,	52.033516	,	1.102667
https://api.exelishelios.com/v1/cameras/TL-405812/live	,	52.255662	,	0.716966
https://api.exelishelios.com/v1/cameras/TL-405805/live	,	52.266544	,	0.38852
https://api.exelishelios.com/v1/cameras/TL-405836/live	,	51.978242	,	1.331594
https://api.exelishelios.com/v1/cameras/TL-405820/live	,	52.084835	,	1.111019
https://api.exelishelios.com/v1/cameras/TL-405832/live	,	52.014931	,	1.274263
https://api.exelishelios.com/v1/cameras/TL-405813/live	,	52.254563	,	0.719695
https://api.exelishelios.com/v1/cameras/TL-405806/live	,	52.268443	,	0.400652
https://api.exelishelios.com/v1/cameras/TL-405825/live	,	52.025058	,	1.131786
https://api.exelishelios.com/v1/cameras/TL-405830/live	,	52.025702	,	1.220621
https://api.exelishelios.com/v1/cameras/TL-405828/live	,	52.026798	,	1.174317
https://api.exelishelios.com/v1/cameras/TL-405816/live	,	52.238766	,	0.780267
https://api.exelishelios.com/v1/cameras/TL-405809/live	,	52.257195	,	0.671166
https://api.exelishelios.com/v1/cameras/TL-405823/live	,	52.03829	,	1.096177
https://api.exelishelios.com/v1/cameras/TL-405811/live	,	52.254215	,	0.700683
https://api.exelishelios.com/v1/cameras/TL-404599/live	,	52.856512	,	-2.161637
https://api.exelishelios.com/v1/cameras/TL-404556/live	,	52.651828	,	-2.061187
https://api.exelishelios.com/v1/cameras/TL-404474/live	,	52.666123	,	-2.068463
https://api.exelishelios.com/v1/cameras/TL-404695/live	,	52.990909	,	-2.268539
https://api.exelishelios.com/v1/cameras/TL-404560/live	,	52.671937	,	-2.078924
https://api.exelishelios.com/v1/cameras/TL-404692/live	,	52.987901	,	-2.254479
https://api.exelishelios.com/v1/cameras/TL-404558/live	,	52.660829	,	-2.065983
https://api.exelishelios.com/v1/cameras/TL-404553/live	,	52.625276	,	-2.041754
https://api.exelishelios.com/v1/cameras/TL-404495/live	,	52.676756	,	-1.799258
https://api.exelishelios.com/v1/cameras/TL-404573/live	,	52.743602	,	-2.099133
https://api.exelishelios.com/v1/cameras/TL-404561/live	,	52.673799	,	-2.081395
https://api.exelishelios.com/v1/cameras/TL-404472/live	,	52.672885	,	-2.017837
https://api.exelishelios.com/v1/cameras/TL-404698/live	,	52.993653	,	-2.288182
https://api.exelishelios.com/v1/cameras/TL-404559/live	,	52.667394	,	-2.068854
https://api.exelishelios.com/v1/cameras/TL-404702/live	,	52.998048	,	-2.318525
https://api.exelishelios.com/v1/cameras/TL-404601/live	,	52.873843	,	-2.164513
https://api.exelishelios.com/v1/cameras/TL-404562/live	,	52.683143	,	-2.098366
https://api.exelishelios.com/v1/cameras/TL-404555/live	,	52.638405	,	-2.053483
https://api.exelishelios.com/v1/cameras/TL-404473/live	,	52.665989	,	-2.05226
https://api.exelishelios.com/v1/cameras/TL-404615/live	,	52.944017	,	-2.216988
https://api.exelishelios.com/v1/cameras/TL-404588/live	,	52.815697	,	-2.156051
https://api.exelishelios.com/v1/cameras/TL-404709/live	,	53.061235	,	-2.331584
https://api.exelishelios.com/v1/cameras/TL-404595/live	,	52.840528	,	-2.153721
https://api.exelishelios.com/v1/cameras/TL-404576/live	,	52.758692	,	-2.102406
https://api.exelishelios.com/v1/cameras/TL-404557/live	,	52.658853	,	-2.065418
https://api.exelishelios.com/v1/cameras/TL-404829/live	,	51.104494	,	-0.143531
https://api.exelishelios.com/v1/cameras/TL-404830/live	,	51.087931	,	-0.193581
https://api.exelishelios.com/v1/cameras/TL-404828/live	,	51.13159	,	-0.141943
https://api.exelishelios.com/v1/cameras/TL-404891/live	,	51.268066	,	-0.018333
https://api.exelishelios.com/v1/cameras/TL-404904/live	,	51.259248	,	-0.108117
https://api.exelishelios.com/v1/cameras/TL-404985/live	,	51.229387	,	-0.617487
https://api.exelishelios.com/v1/cameras/TL-404923/live	,	51.298219	,	-0.314701
https://api.exelishelios.com/v1/cameras/TL-404909/live	,	51.264175	,	-0.132697
https://api.exelishelios.com/v1/cameras/TL-404973/live	,	51.334745	,	-0.427354
https://api.exelishelios.com/v1/cameras/TL-404954/live	,	51.422918	,	-0.540036
https://api.exelishelios.com/v1/cameras/TL-404947/live	,	51.381234	,	-0.513615
https://api.exelishelios.com/v1/cameras/TL-404928/live	,	51.313974	,	-0.351261
https://api.exelishelios.com/v1/cameras/TL-404935/live	,	51.32233	,	-0.449778
https://api.exelishelios.com/v1/cameras/TL-404916/live	,	51.257727	,	-0.219819
https://api.exelishelios.com/v1/cameras/TL-404911/live	,	51.268097	,	-0.15635
https://api.exelishelios.com/v1/cameras/TL-404961/live	,	51.460419	,	-0.517066
https://api.exelishelios.com/v1/cameras/TL-404959/live	,	51.447065	,	-0.527327
https://api.exelishelios.com/v1/cameras/TL-404942/live	,	51.351621	,	-0.48834
https://api.exelishelios.com/v1/cameras/TL-404896/live	,	51.259098	,	-0.0386
https://api.exelishelios.com/v1/cameras/TL-404889/live	,	51.268566	,	0.002375
https://api.exelishelios.com/v1/cameras/TL-404884/live	,	51.272247	,	0.035017
https://api.exelishelios.com/v1/cameras/TL-404902/live	,	51.257595	,	-0.0885
https://api.exelishelios.com/v1/cameras/TL-404914/live	,	51.259098	,	-0.1959
https://api.exelishelios.com/v1/cameras/TL-404926/live	,	51.314512	,	-0.331837
https://api.exelishelios.com/v1/cameras/TL-404921/live	,	51.290808	,	-0.281843
https://api.exelishelios.com/v1/cameras/TL-404919/live	,	51.272036	,	-0.257009
https://api.exelishelios.com/v1/cameras/TL-404887/live	,	51.267815	,	0.014033
https://api.exelishelios.com/v1/cameras/TL-404818/live	,	51.262282	,	-0.127562
https://api.exelishelios.com/v1/cameras/TL-404801/live	,	51.393765	,	-0.484626
https://api.exelishelios.com/v1/cameras/TL-404894/live	,	51.261616	,	-0.033017
https://api.exelishelios.com/v1/cameras/TL-404952/live	,	51.410911	,	-0.541001
https://api.exelishelios.com/v1/cameras/TL-404945/live	,	51.368404	,	-0.505077
https://api.exelishelios.com/v1/cameras/TL-404938/live	,	51.326623	,	-0.473838
https://api.exelishelios.com/v1/cameras/TL-404933/live	,	51.312839	,	-0.42819
https://api.exelishelios.com/v1/cameras/TL-404976/live	,	51.291862	,	-0.489872
https://api.exelishelios.com/v1/cameras/TL-404957/live	,	51.43438	,	-0.53803
https://api.exelishelios.com/v1/cameras/TL-404940/live	,	51.337898	,	-0.4851
https://api.exelishelios.com/v1/cameras/TL-404899/live	,	51.258717	,	-0.0598
https://api.exelishelios.com/v1/cameras/TL-404907/live	,	51.266998	,	-0.128
https://api.exelishelios.com/v1/cameras/TL-404983/live	,	51.240395	,	-0.600371
https://api.exelishelios.com/v1/cameras/TL-404917/live	,	51.259931	,	-0.230496
https://api.exelishelios.com/v1/cameras/TL-404962/live	,	51.464648	,	-0.512045
https://api.exelishelios.com/v1/cameras/TL-404897/live	,	51.258064	,	-0.048503
https://api.exelishelios.com/v1/cameras/TL-404924/live	,	51.30401	,	-0.321525
https://api.exelishelios.com/v1/cameras/TL-404981/live	,	51.26231	,	-0.552922
https://api.exelishelios.com/v1/cameras/TL-404900/live	,	51.259045	,	-0.059783
https://api.exelishelios.com/v1/cameras/TL-404948/live	,	51.3884	,	-0.525893
https://api.exelishelios.com/v1/cameras/TL-404931/live	,	51.305831	,	-0.397689
https://api.exelishelios.com/v1/cameras/TL-404974/live	,	51.331446	,	-0.43693
https://api.exelishelios.com/v1/cameras/TL-404943/live	,	51.361487	,	-0.498066
https://api.exelishelios.com/v1/cameras/TL-404823/live	,	51.193255	,	-0.126196
https://api.exelishelios.com/v1/cameras/TL-404950/live	,	51.401281	,	-0.538068
https://api.exelishelios.com/v1/cameras/TL-404936/live	,	51.32274	,	-0.450644
https://api.exelishelios.com/v1/cameras/TL-404929/live	,	51.31293	,	-0.363685
https://api.exelishelios.com/v1/cameras/TL-404912/live	,	51.268097	,	-0.15635
https://api.exelishelios.com/v1/cameras/TL-404905/live	,	51.261517	,	-0.118833
https://api.exelishelios.com/v1/cameras/TL-404955/live	,	51.424173	,	-0.540354
https://api.exelishelios.com/v1/cameras/TL-404885/live	,	51.269516	,	0.025983
https://api.exelishelios.com/v1/cameras/TL-404892/live	,	51.267735	,	-0.021297
https://api.exelishelios.com/v1/cameras/TL-404956/live	,	51.430108	,	-0.540456
https://api.exelishelios.com/v1/cameras/TL-404932/live	,	51.308521	,	-0.418065
https://api.exelishelios.com/v1/cameras/TL-404901/live	,	51.257748	,	-0.079349
https://api.exelishelios.com/v1/cameras/TL-404886/live	,	51.268902	,	0.022283
https://api.exelishelios.com/v1/cameras/TL-404944/live	,	51.367422	,	-0.504978
https://api.exelishelios.com/v1/cameras/TL-404925/live	,	51.308787	,	-0.323997
https://api.exelishelios.com/v1/cameras/TL-404906/live	,	51.263019	,	-0.121898
https://api.exelishelios.com/v1/cameras/TL-404913/live	,	51.264289	,	-0.180694
https://api.exelishelios.com/v1/cameras/TL-404968/live	,	51.349351	,	-0.361057
https://api.exelishelios.com/v1/cameras/TL-404963/live	,	51.372438	,	-0.317879
https://api.exelishelios.com/v1/cameras/TL-404970/live	,	51.342671	,	-0.404585
https://api.exelishelios.com/v1/cameras/TL-404937/live	,	51.3246	,	-0.4596
https://api.exelishelios.com/v1/cameras/TL-404975/live	,	51.307955	,	-0.475866
https://api.exelishelios.com/v1/cameras/TL-404982/live	,	51.248844	,	-0.569859
https://api.exelishelios.com/v1/cameras/TL-404918/live	,	51.269936	,	-0.252779
https://api.exelishelios.com/v1/cameras/TL-404920/live	,	51.286027	,	-0.270031
https://api.exelishelios.com/v1/cameras/TL-404898/live	,	51.25835	,	-0.053867
https://api.exelishelios.com/v1/cameras/TL-404951/live	,	51.404706	,	-0.539168
https://api.exelishelios.com/v1/cameras/TL-404949/live	,	51.3884	,	-0.525893
https://api.exelishelios.com/v1/cameras/TL-404893/live	,	51.263145	,	-0.0296
https://api.exelishelios.com/v1/cameras/TL-404888/live	,	51.268166	,	0.00535
https://api.exelishelios.com/v1/cameras/TL-404927/live	,	51.315751	,	-0.341453
https://api.exelishelios.com/v1/cameras/TL-404915/live	,	51.257604	,	-0.206187
https://api.exelishelios.com/v1/cameras/TL-404984/live	,	51.231588	,	-0.610627
https://api.exelishelios.com/v1/cameras/TL-404960/live	,	51.455987	,	-0.519494
https://api.exelishelios.com/v1/cameras/TL-404890/live	,	51.269245	,	-0.00705
https://api.exelishelios.com/v1/cameras/TL-404939/live	,	51.332982	,	-0.482893
https://api.exelishelios.com/v1/cameras/TL-404922/live	,	51.292352	,	-0.291582
https://api.exelishelios.com/v1/cameras/TL-404910/live	,	51.265552	,	-0.14605
https://api.exelishelios.com/v1/cameras/TL-404941/live	,	51.345155	,	-0.484982
https://api.exelishelios.com/v1/cameras/TL-404946/live	,	51.374208	,	-0.509096
https://api.exelishelios.com/v1/cameras/TL-404977/live	,	51.286658	,	-0.496436
https://api.exelishelios.com/v1/cameras/TL-404972/live	,	51.337649	,	-0.418902
https://api.exelishelios.com/v1/cameras/TL-404908/live	,	51.261814	,	-0.125323
https://api.exelishelios.com/v1/cameras/TL-404903/live	,	51.258054	,	-0.098002
https://api.exelishelios.com/v1/cameras/TL-404895/live	,	51.259216	,	-0.038156
https://api.exelishelios.com/v1/cameras/TL-404826/live	,	51.159022	,	-0.134865
https://api.exelishelios.com/v1/cameras/TL-404883/live	,	51.273117	,	0.04065
https://api.exelishelios.com/v1/cameras/TL-404934/live	,	51.316399	,	-0.436383
https://api.exelishelios.com/v1/cameras/TL-404953/live	,	51.420566	,	-0.539642
https://api.exelishelios.com/v1/cameras/TL-404790/live	,	52.259758	,	-1.61166
https://api.exelishelios.com/v1/cameras/TL-404505/live	,	52.412477	,	-1.272635
https://api.exelishelios.com/v1/cameras/TL-404788/live	,	52.216947	,	-1.500256
https://api.exelishelios.com/v1/cameras/TL-404705/live	,	52.548945	,	-1.716986
https://api.exelishelios.com/v1/cameras/TL-404515/live	,	52.471818	,	-1.552225
https://api.exelishelios.com/v1/cameras/TL-404510/live	,	52.436931	,	-1.417577
https://api.exelishelios.com/v1/cameras/TL-404781/live	,	52.507059	,	-1.378322
https://api.exelishelios.com/v1/cameras/TL-404779/live	,	52.453399	,	-1.419882
https://api.exelishelios.com/v1/cameras/TL-406388/live	,	52.406316	,	-1.221119
https://api.exelishelios.com/v1/cameras/TL-404585/live	,	52.351524	,	-1.863287
https://api.exelishelios.com/v1/cameras/TL-404592/live	,	52.347183	,	-1.81991
https://api.exelishelios.com/v1/cameras/TL-404509/live	,	52.437529	,	-1.409489
https://api.exelishelios.com/v1/cameras/TL-404504/live	,	52.407707	,	-1.247228
https://api.exelishelios.com/v1/cameras/TL-404794/live	,	52.317686	,	-1.718006
https://api.exelishelios.com/v1/cameras/TL-404787/live	,	52.192047	,	-1.459568
https://api.exelishelios.com/v1/cameras/TL-404782/live	,	52.513295	,	-1.36858
https://api.exelishelios.com/v1/cameras/TL-404716/live	,	52.657927	,	-1.582017
https://api.exelishelios.com/v1/cameras/TL-404590/live	,	52.347852	,	-1.83105
https://api.exelishelios.com/v1/cameras/TL-404470/live	,	52.548919	,	-1.731905
https://api.exelishelios.com/v1/cameras/TL-404778/live	,	52.449233	,	-1.42368
https://api.exelishelios.com/v1/cameras/TL-404514/live	,	52.466439	,	-1.506001
https://api.exelishelios.com/v1/cameras/TL-404797/live	,	52.346636	,	-1.79941
https://api.exelishelios.com/v1/cameras/TL-404507/live	,	52.43437	,	-1.350736
https://api.exelishelios.com/v1/cameras/TL-404519/live	,	52.476309	,	-1.677228
https://api.exelishelios.com/v1/cameras/TL-404710/live	,	52.593455	,	-1.652784
https://api.exelishelios.com/v1/cameras/TL-404520/live	,	52.472519	,	-1.666953
https://api.exelishelios.com/v1/cameras/TL-404777/live	,	52.442582	,	-1.425573
https://api.exelishelios.com/v1/cameras/TL-404703/live	,	52.540061	,	-1.725923
https://api.exelishelios.com/v1/cameras/TL-404513/live	,	52.461993	,	-1.490428
https://api.exelishelios.com/v1/cameras/TL-404796/live	,	52.343183	,	-1.791139
https://api.exelishelios.com/v1/cameras/TL-404789/live	,	52.240494	,	-1.553882
https://api.exelishelios.com/v1/cameras/TL-404518/live	,	52.469403	,	-1.645371
https://api.exelishelios.com/v1/cameras/TL-405617/live	,	51.514145	,	-2.096167
https://api.exelishelios.com/v1/cameras/TL-405624/live	,	51.509841	,	-2.174748
https://api.exelishelios.com/v1/cameras/TL-405605/live	,	51.556482	,	-1.886592
https://api.exelishelios.com/v1/cameras/TL-405567/live	,	51.094741	,	-2.261918
https://api.exelishelios.com/v1/cameras/TL-405618/live	,	51.514953	,	-2.116856
https://api.exelishelios.com/v1/cameras/TL-405613/live	,	51.529031	,	-2.027399
https://api.exelishelios.com/v1/cameras/TL-405620/live	,	51.515951	,	-2.120989
https://api.exelishelios.com/v1/cameras/TL-405603/live	,	51.546655	,	-1.857241
https://api.exelishelios.com/v1/cameras/TL-405622/live	,	51.512589	,	-2.144659
https://api.exelishelios.com/v1/cameras/TL-405583/live	,	51.502203	,	-1.588842
https://api.exelishelios.com/v1/cameras/TL-405615/live	,	51.517185	,	-2.0614
https://api.exelishelios.com/v1/cameras/TL-405623/live	,	51.51076	,	-2.156997
https://api.exelishelios.com/v1/cameras/TL-405611/live	,	51.537746	,	-1.990755
https://api.exelishelios.com/v1/cameras/TL-405604/live	,	51.553937	,	-1.874564
https://api.exelishelios.com/v1/cameras/TL-405616/live	,	51.514408	,	-2.083231
https://api.exelishelios.com/v1/cameras/TL-405621/live	,	51.515017	,	-2.125347
https://api.exelishelios.com/v1/cameras/TL-405568/live	,	51.177597	,	-1.7605
https://api.exelishelios.com/v1/cameras/TL-405626/live	,	51.511245	,	-2.212344
https://api.exelishelios.com/v1/cameras/TL-405614/live	,	51.522415	,	-2.04415
https://api.exelishelios.com/v1/cameras/TL-405582/live	,	51.495212	,	-1.582752
https://api.exelishelios.com/v1/cameras/TL-405607/live	,	51.554764	,	-1.919962
https://api.exelishelios.com/v1/cameras/TL-404755/live	,	52.268632	,	-2.129557
https://api.exelishelios.com/v1/cameras/TL-404750/live	,	52.30098	,	-2.112406
https://api.exelishelios.com/v1/cameras/TL-404743/live	,	52.3514	,	-2.072672
https://api.exelishelios.com/v1/cameras/TL-404736/live	,	52.401408	,	-2.050155
https://api.exelishelios.com/v1/cameras/TL-404774/live	,	52.048155	,	-2.135431
https://api.exelishelios.com/v1/cameras/TL-404572/live	,	52.354015	,	-1.990218
https://api.exelishelios.com/v1/cameras/TL-404583/live	,	52.354587	,	-1.89307
https://api.exelishelios.com/v1/cameras/TL-404766/live	,	52.145749	,	-2.193396
https://api.exelishelios.com/v1/cameras/TL-404754/live	,	52.27274	,	-2.123407
https://api.exelishelios.com/v1/cameras/TL-404569/live	,	52.353448	,	-2.007512
https://api.exelishelios.com/v1/cameras/TL-404735/live	,	52.403957	,	-2.041496
https://api.exelishelios.com/v1/cameras/TL-404759/live	,	52.213779	,	-2.157975
https://api.exelishelios.com/v1/cameras/TL-404742/live	,	52.355444	,	-2.070056
https://api.exelishelios.com/v1/cameras/TL-404737/live	,	52.395091	,	-2.054049
https://api.exelishelios.com/v1/cameras/TL-404749/live	,	52.30936	,	-2.10428
https://api.exelishelios.com/v1/cameras/TL-404744/live	,	52.34805	,	-2.074444
https://api.exelishelios.com/v1/cameras/TL-404566/live	,	52.356684	,	-2.031926
https://api.exelishelios.com/v1/cameras/TL-404763/live	,	52.18412	,	-2.17074
https://api.exelishelios.com/v1/cameras/TL-404756/live	,	52.255185	,	-2.134538
https://api.exelishelios.com/v1/cameras/TL-404770/live	,	52.092331	,	-2.182178
https://api.exelishelios.com/v1/cameras/TL-404753/live	,	52.273578	,	-2.122167
https://api.exelishelios.com/v1/cameras/TL-404772/live	,	52.069416	,	-2.16022
https://api.exelishelios.com/v1/cameras/TL-404760/live	,	52.20319	,	-2.16224
https://api.exelishelios.com/v1/cameras/TL-404734/live	,	52.410386	,	-2.028259
https://api.exelishelios.com/v1/cameras/TL-404765/live	,	52.158028	,	-2.189057
https://api.exelishelios.com/v1/cameras/TL-404741/live	,	52.37385	,	-2.04955
https://api.exelishelios.com/v1/cameras/TL-404739/live	,	52.378617	,	-2.047113
https://api.exelishelios.com/v1/cameras/TL-404733/live	,	52.418401	,	-2.022812
https://api.exelishelios.com/v1/cameras/TL-404752/live	,	52.286301	,	-2.119003
https://api.exelishelios.com/v1/cameras/TL-404567/live	,	52.35681	,	-2.025413
https://api.exelishelios.com/v1/cameras/TL-404769/live	,	52.103928	,	-2.189831
https://api.exelishelios.com/v1/cameras/TL-404764/live	,	52.179519	,	-2.172462
https://api.exelishelios.com/v1/cameras/TL-404757/live	,	52.242815	,	-2.133715
https://api.exelishelios.com/v1/cameras/TL-404771/live	,	52.080606	,	-2.172082
https://api.exelishelios.com/v1/cameras/TL-404581/live	,	52.354641	,	-1.909254
https://api.exelishelios.com/v1/cameras/TL-404574/live	,	52.357767	,	-1.970671
https://api.exelishelios.com/v1/cameras/TL-404738/live	,	52.391926	,	-2.051994
https://api.exelishelios.com/v1/cameras/TL-404745/live	,	52.335783	,	-2.084681
https://api.exelishelios.com/v1/cameras/TL-405880/live	,	51.496198	,	-0.452398
https://api.exelishelios.com/v1/cameras/TL-5001/live	,	51.509671	,	-0.134854
https://api.exelishelios.com/v1/cameras/TL-405789/live	,	51.682934	,	-0.040283
https://api.exelishelios.com/v1/cameras/TL-405784/live	,	51.769567	,	-0.233674
https://api.exelishelios.com/v1/cameras/TL-405777/live	,	51.767418	,	-0.2349
https://api.exelishelios.com/v1/cameras/TL-404762/live	,	52.191018	,	-2.16892
https://api.exelishelios.com/v1/cameras/TL-404748/live	,	52.317349	,	-2.097282
https://api.exelishelios.com/v1/cameras/TL-405753/live	,	51.484774	,	-0.452315
https://api.exelishelios.com/v1/cameras/TL-7401/live	,	51.511297	,	-0.011071
https://api.exelishelios.com/v1/cameras/TL-7398/live	,	51.511415	,	-0.007453
https://api.exelishelios.com/v1/cameras/TL-5006/live	,	51.559365	,	-0.196963
https://api.exelishelios.com/v1/cameras/TL-406035/live	,	51.671891	,	-0.483272
https://api.exelishelios.com/v1/cameras/TL-406030/live	,	51.652997	,	-0.497421
https://api.exelishelios.com/v1/cameras/TL-406270/live	,	51.759317	,	-0.24211
https://api.exelishelios.com/v1/cameras/TL-406268/live	,	51.739928	,	-0.239266
https://api.exelishelios.com/v1/cameras/TL-405861/live	,	51.62653	,	-0.261806
https://api.exelishelios.com/v1/cameras/TL-405765/live	,	51.762184	,	-0.239367
https://api.exelishelios.com/v1/cameras/TL-405253/live	,	53.736322	,	-1.509934
https://api.exelishelios.com/v1/cameras/TL-405239/live	,	53.473999	,	-1.457393
https://api.exelishelios.com/v1/cameras/TL-13604/live	,	51.565396	,	-0.277553
https://api.exelishelios.com/v1/cameras/TL-405152/live	,	53.587187	,	-0.959217
https://api.exelishelios.com/v1/cameras/TL-405366/live	,	53.521807	,	-2.696975
https://api.exelishelios.com/v1/cameras/TL-406009/live	,	51.546847	,	-0.516129
https://api.exelishelios.com/v1/cameras/TL-404539/live	,	52.548407	,	-1.920468
https://api.exelishelios.com/v1/cameras/TL-404534/live	,	52.511563	,	-1.863951
https://api.exelishelios.com/v1/cameras/TL-404616/live	,	52.453685	,	-1.70915
https://api.exelishelios.com/v1/cameras/TL-405878/live	,	51.495522	,	-0.454864
https://api.exelishelios.com/v1/cameras/TL-405873/live	,	52.517919	,	-0.302265
https://api.exelishelios.com/v1/cameras/TL-406100/live	,	51.684937	,	-0.212499
https://api.exelishelios.com/v1/cameras/TL-13596/live	,	51.444522	,	-0.23427
https://api.exelishelios.com/v1/cameras/TL-404527/live	,	52.51439	,	-1.768992
https://api.exelishelios.com/v1/cameras/TL-404522/live	,	52.483668	,	-1.723185
https://api.exelishelios.com/v1/cameras/TL-406302/live	,	52.799035	,	-1.342699
https://api.exelishelios.com/v1/cameras/TL-7393/live	,	51.504129	,	-0.218201
https://api.exelishelios.com/v1/cameras/TL-13558/live	,	51.511887	,	-0.028494
https://api.exelishelios.com/v1/cameras/TL-404589/live	,	52.349279	,	-1.837518
https://api.exelishelios.com/v1/cameras/TL-7386/live	,	51.503266	,	-0.22365
https://api.exelishelios.com/v1/cameras/TL-405885/live	,	51.670464	,	-0.368217
https://api.exelishelios.com/v1/cameras/TL-404820/live	,	51.231429	,	-0.11614
https://api.exelishelios.com/v1/cameras/TL-404798/live	,	51.419454	,	-0.419195
https://api.exelishelios.com/v1/cameras/TL-406023/live	,	51.632232	,	-0.516948
https://api.exelishelios.com/v1/cameras/TL-404565/live	,	52.355423	,	-2.045858
https://api.exelishelios.com/v1/cameras/TL-404700/live	,	52.531986	,	-1.730628
https://api.exelishelios.com/v1/cameras/TL-405842/live	,	51.490136	,	-0.279936
https://api.exelishelios.com/v1/cameras/TL-404712/live	,	52.61137	,	-1.634802
https://api.exelishelios.com/v1/cameras/TL-404546/live	,	52.563731	,	-1.989884
https://api.exelishelios.com/v1/cameras/TL-404541/live	,	52.553474	,	-1.933223
https://api.exelishelios.com/v1/cameras/TL-7444/live	,	51.501963	,	-0.160319
https://api.exelishelios.com/v1/cameras/TL-406047/live	,	51.695822	,	-0.446781
https://api.exelishelios.com/v1/cameras/TL-406042/live	,	51.680141	,	-0.453791
https://api.exelishelios.com/v1/cameras/TL-406028/live	,	51.648329	,	-0.498794
https://api.exelishelios.com/v1/cameras/TL-404988/live	,	51.3175	,	0.289369
https://api.exelishelios.com/v1/cameras/TL-7451/live	,	51.489105	,	-0.287658
https://api.exelishelios.com/v1/cameras/TL-7449/live	,	51.501944	,	-0.190908
https://api.exelishelios.com/v1/cameras/TL-13560/live	,	51.515172	,	-0.226454
https://api.exelishelios.com/v1/cameras/TL-404611/live	,	52.92995	,	-2.210793
https://api.exelishelios.com/v1/cameras/TL-404469/live	,	52.537947	,	-1.730214
https://api.exelishelios.com/v1/cameras/TL-404503/live	,	52.269117	,	-1.613017
https://api.exelishelios.com/v1/cameras/TL-404490/live	,	52.685183	,	-2.454486
https://api.exelishelios.com/v1/cameras/TL-406117/live	,	51.69016	,	-0.114166
https://api.exelishelios.com/v1/cameras/TL-5025/live	,	51.458266	,	-0.317074
https://api.exelishelios.com/v1/cameras/TL-13611/live	,	51.611318	,	-0.135134
https://api.exelishelios.com/v1/cameras/TL-13609/live	,	51.556362	,	0.064879
https://api.exelishelios.com/v1/cameras/TL-4988/live	,	51.530779	,	-0.122517
https://api.exelishelios.com/v1/cameras/TL-4990/live	,	51.517572	,	-0.141546
https://api.exelishelios.com/v1/cameras/TL-406148/live	,	51.644001	,	0.20775
https://api.exelishelios.com/v1/cameras/TL-406085/live	,	51.715847	,	-0.281733
https://api.exelishelios.com/v1/cameras/TL-406249/live	,	51.660947	,	-0.913
https://api.exelishelios.com/v1/cameras/TL-405676/live	,	51.507791	,	-2.668115
https://api.exelishelios.com/v1/cameras/TL-404697/live	,	52.51816	,	-1.725621
https://api.exelishelios.com/v1/cameras/TL-404604/live	,	52.394357	,	-1.767219
https://api.exelishelios.com/v1/cameras/TL-404596/live	,	52.361705	,	-1.805574
https://api.exelishelios.com/v1/cameras/TL-405640/live	,	51.527543	,	-2.529867
https://api.exelishelios.com/v1/cameras/TL-406105/live	,	51.684601	,	-0.190633
https://api.exelishelios.com/v1/cameras/TL-5018/live	,	51.488739	,	-0.129774
https://api.exelishelios.com/v1/cameras/TL-404731/live	,	52.447045	,	-2.017377
https://api.exelishelios.com/v1/cameras/TL-404767/live	,	52.132928	,	-2.199701
https://api.exelishelios.com/v1/cameras/TL-404825/live	,	51.174757	,	-0.127516
https://api.exelishelios.com/v1/cameras/TL-7406/live	,	51.45855	,	0.075548
https://api.exelishelios.com/v1/cameras/TL-406066/live	,	51.716207	,	-0.379306
https://api.exelishelios.com/v1/cameras/TL-7420/live	,	51.507927	,	-0.027515
https://api.exelishelios.com/v1/cameras/TL-405710/live	,	51.548599	,	-2.565473
https://api.exelishelios.com/v1/cameras/TL-406357/live	,	52.950105	,	-1.27778
https://api.exelishelios.com/v1/cameras/TL-406352/live	,	52.9193	,	-1.299225
https://api.exelishelios.com/v1/cameras/TL-13623/live	,	51.527836	,	-0.14442
https://api.exelishelios.com/v1/cameras/TL-404832/live	,	51.448187	,	0.235589
https://api.exelishelios.com/v1/cameras/TL-405094/live	,	53.731796	,	-1.5152
https://api.exelishelios.com/v1/cameras/TL-406186/live	,	51.631858	,	0.070861
https://api.exelishelios.com/v1/cameras/TL-406181/live	,	51.486757	,	0.266954
https://api.exelishelios.com/v1/cameras/TL-406179/live	,	51.480188	,	0.266171
https://api.exelishelios.com/v1/cameras/TL-406174/live	,	51.512215	,	0.2675
https://api.exelishelios.com/v1/cameras/TL-406167/live	,	51.549681	,	0.284426
https://api.exelishelios.com/v1/cameras/TL-406162/live	,	51.582393	,	0.278075
https://api.exelishelios.com/v1/cameras/TL-13628/live	,	51.621803	,	-0.254798
https://api.exelishelios.com/v1/cameras/TL-405671/live	,	51.486542	,	-2.554252
https://api.exelishelios.com/v1/cameras/TL-406218/live	,	52.230342	,	0.071381
https://api.exelishelios.com/v1/cameras/TL-405638/live	,	51.512656	,	-2.518204
https://api.exelishelios.com/v1/cameras/TL-405847/live	,	51.493084	,	-0.287683
https://api.exelishelios.com/v1/cameras/TL-404793/live	,	52.285264	,	-1.664048
